time;fx (forward);fy (lateral);fz (vertical)
data are dimensionless (using rho_f, R, f as reference); kinematic model parameters: PHI=120, phi_m=20, dTau=+0.05
0.000000e+00;1.469546e+00;-4.018434e+00;8.168842e-01
1.000000e-03;1.473053e+00;-4.073614e+00;7.672680e-01
2.000000e-03;1.470428e+00;-4.116021e+00;7.106160e-01
3.000000e-03;1.463303e+00;-4.155301e+00;6.517316e-01
4.000000e-03;1.457299e+00;-4.187560e+00;5.893013e-01
5.000000e-03;1.450371e+00;-4.216977e+00;5.191147e-01
6.000000e-03;1.438138e+00;-4.245119e+00;4.512239e-01
7.000000e-03;1.423844e+00;-4.261361e+00;3.889624e-01
8.000000e-03;1.413580e+00;-4.274748e+00;3.151078e-01
9.000000e-03;1.398260e+00;-4.287241e+00;2.406455e-01
1.000000e-02;1.377025e+00;-4.292381e+00;1.745624e-01
1.100000e-02;1.364556e+00;-4.300140e+00;1.006449e-01
1.200000e-02;1.344159e+00;-4.305656e+00;2.869162e-02
1.300000e-02;1.323556e+00;-4.293185e+00;-4.450050e-02
1.400000e-02;1.301029e+00;-4.282327e+00;-1.203422e-01
1.500000e-02;1.277982e+00;-4.262856e+00;-1.944290e-01
1.600000e-02;1.252159e+00;-4.232259e+00;-2.640014e-01
1.700000e-02;1.222444e+00;-4.198899e+00;-3.414475e-01
1.800000e-02;1.196955e+00;-4.159343e+00;-4.165231e-01
1.900000e-02;1.163454e+00;-4.116111e+00;-4.856858e-01
2.000000e-02;1.137601e+00;-4.065910e+00;-5.568094e-01
2.100000e-02;1.102740e+00;-4.021357e+00;-6.196535e-01
2.200000e-02;1.075140e+00;-3.967563e+00;-6.921419e-01
2.300000e-02;1.044411e+00;-3.916616e+00;-7.602391e-01
2.400000e-02;1.011828e+00;-3.851660e+00;-8.184993e-01
2.500000e-02;9.790189e-01;-3.785651e+00;-8.782290e-01
2.600000e-02;9.441482e-01;-3.709514e+00;-9.346551e-01
2.700000e-02;9.086674e-01;-3.628002e+00;-9.917209e-01
2.800000e-02;8.779138e-01;-3.545824e+00;-1.047705e+00
2.900000e-02;8.385668e-01;-3.455929e+00;-1.089468e+00
3.000000e-02;8.074344e-01;-3.360800e+00;-1.135522e+00
3.100000e-02;7.761773e-01;-3.274458e+00;-1.180492e+00
3.200000e-02;7.429697e-01;-3.180907e+00;-1.221656e+00
3.300000e-02;7.081710e-01;-3.089038e+00;-1.256229e+00
3.400000e-02;6.713083e-01;-2.992667e+00;-1.285615e+00
3.500000e-02;6.382546e-01;-2.893170e+00;-1.316607e+00
3.600000e-02;6.033715e-01;-2.782877e+00;-1.340666e+00
3.700000e-02;5.674315e-01;-2.674748e+00;-1.354411e+00
3.800000e-02;5.389221e-01;-2.568319e+00;-1.365943e+00
3.900000e-02;5.086473e-01;-2.456361e+00;-1.379309e+00
4.000000e-02;4.763711e-01;-2.339943e+00;-1.383245e+00
4.100000e-02;4.478696e-01;-2.235295e+00;-1.384881e+00
4.200000e-02;4.205521e-01;-2.130996e+00;-1.384151e+00
4.300000e-02;3.898117e-01;-2.023979e+00;-1.382816e+00
4.400000e-02;3.669426e-01;-1.915731e+00;-1.374884e+00
4.500000e-02;3.372346e-01;-1.808097e+00;-1.363186e+00
4.600000e-02;3.100319e-01;-1.698896e+00;-1.348343e+00
4.700000e-02;2.863214e-01;-1.589840e+00;-1.327452e+00
4.800000e-02;2.635303e-01;-1.479873e+00;-1.306630e+00
4.900000e-02;2.396960e-01;-1.369084e+00;-1.278505e+00
5.000000e-02;2.137324e-01;-1.262503e+00;-1.242443e+00
5.100000e-02;1.923600e-01;-1.160598e+00;-1.212373e+00
5.200000e-02;1.705101e-01;-1.060119e+00;-1.180422e+00
5.300000e-02;1.501874e-01;-9.648600e-01;-1.147227e+00
5.400000e-02;1.339846e-01;-8.707859e-01;-1.106542e+00
5.500000e-02;1.154910e-01;-7.797955e-01;-1.060503e+00
5.600000e-02;1.031511e-01;-6.870352e-01;-1.020156e+00
5.700000e-02;8.550359e-02;-5.995321e-01;-9.713929e-01
5.800000e-02;7.386667e-02;-5.082259e-01;-9.261850e-01
5.900000e-02;5.394838e-02;-4.217301e-01;-8.682572e-01
6.000000e-02;3.983839e-02;-3.289643e-01;-8.184532e-01
6.100000e-02;2.323569e-02;-2.520775e-01;-7.633303e-01
6.200000e-02;1.007379e-02;-1.738892e-01;-7.104194e-01
6.300000e-02;-3.278580e-03;-1.010091e-01;-6.534094e-01
6.400000e-02;-1.200277e-02;-3.118731e-02;-6.008528e-01
6.500000e-02;-2.535964e-02;3.614837e-02;-5.494676e-01
6.600000e-02;-3.882549e-02;9.846092e-02;-4.909234e-01
6.700000e-02;-4.444414e-02;1.616595e-01;-4.340498e-01
6.800000e-02;-5.493003e-02;2.236416e-01;-3.791517e-01
6.900000e-02;-6.691391e-02;2.824858e-01;-3.189763e-01
7.000000e-02;-7.577923e-02;3.440248e-01;-2.644214e-01
7.100000e-02;-8.540204e-02;3.979368e-01;-2.100815e-01
7.200000e-02;-9.452534e-02;4.463519e-01;-1.518458e-01
7.300000e-02;-1.017645e-01;4.964675e-01;-1.004069e-01
7.400000e-02;-1.087490e-01;5.402211e-01;-5.439296e-02
7.500000e-02;-1.160602e-01;5.792844e-01;-4.837679e-03
7.600000e-02;-1.250344e-01;6.168613e-01;4.527899e-02
7.700000e-02;-1.296782e-01;6.526845e-01;8.928890e-02
7.800000e-02;-1.353484e-01;6.877734e-01;1.335701e-01
7.900000e-02;-1.397339e-01;7.212729e-01;1.789530e-01
8.000000e-02;-1.471423e-01;7.530000e-01;2.204095e-01
8.100000e-02;-1.578101e-01;7.846987e-01;2.688606e-01
8.200000e-02;-1.638108e-01;8.129089e-01;3.111532e-01
8.300000e-02;-1.709954e-01;8.380879e-01;3.470778e-01
8.400000e-02;-1.721671e-01;8.585551e-01;3.810301e-01
8.500000e-02;-1.785364e-01;8.787022e-01;4.107377e-01
8.600000e-02;-1.834334e-01;8.956891e-01;4.386150e-01
8.700000e-02;-1.910546e-01;9.115114e-01;4.679755e-01
8.800000e-02;-1.963527e-01;9.307529e-01;4.926068e-01
8.900000e-02;-2.024125e-01;9.453376e-01;5.153088e-01
9.000000e-02;-2.104829e-01;9.595138e-01;5.449256e-01
9.100000e-02;-2.180896e-01;9.787363e-01;5.716493e-01
9.200000e-02;-2.254056e-01;9.933534e-01;5.955501e-01
9.300000e-02;-2.325616e-01;1.003366e+00;6.164077e-01
9.400000e-02;-2.384894e-01;1.012110e+00;6.336945e-01
9.500000e-02;-2.458139e-01;1.017716e+00;6.491114e-01
9.600000e-02;-2.527386e-01;1.022247e+00;6.619018e-01
9.700000e-02;-2.607828e-01;1.029278e+00;6.685545e-01
9.800000e-02;-2.665982e-01;1.035384e+00;6.776636e-01
9.900000e-02;-2.763242e-01;1.040148e+00;6.848503e-01
1.000000e-01;-2.803616e-01;1.044553e+00;6.890200e-01
1.010000e-01;-2.901004e-01;1.055219e+00;7.033716e-01
1.020000e-01;-2.978947e-01;1.063160e+00;7.101256e-01
1.030000e-01;-3.046817e-01;1.066064e+00;7.146859e-01
1.040000e-01;-3.127856e-01;1.068087e+00;7.153800e-01
1.050000e-01;-3.202146e-01;1.066752e+00;7.134805e-01
1.060000e-01;-3.267093e-01;1.067480e+00;7.083292e-01
1.070000e-01;-3.325683e-01;1.066470e+00;6.994676e-01
1.080000e-01;-3.413085e-01;1.060741e+00;6.946902e-01
1.090000e-01;-3.457259e-01;1.060201e+00;6.815557e-01
1.100000e-01;-3.520713e-01;1.057183e+00;6.692033e-01
1.110000e-01;-3.586938e-01;1.057111e+00;6.668052e-01
1.120000e-01;-3.645274e-01;1.056313e+00;6.559743e-01
1.130000e-01;-3.707606e-01;1.052565e+00;6.439700e-01
1.140000e-01;-3.744065e-01;1.045526e+00;6.273612e-01
1.150000e-01;-3.769472e-01;1.033555e+00;6.107325e-01
1.160000e-01;-3.784676e-01;1.021661e+00;5.880432e-01
1.170000e-01;-3.810556e-01;1.005612e+00;5.633481e-01
1.180000e-01;-3.813209e-01;9.897284e-01;5.322476e-01
1.190000e-01;-3.816796e-01;9.705273e-01;4.982607e-01
1.200000e-01;-3.817407e-01;9.486834e-01;4.648671e-01
1.210000e-01;-3.847030e-01;9.328147e-01;4.349922e-01
1.220000e-01;-3.834164e-01;9.137921e-01;4.068720e-01
1.230000e-01;-3.842096e-01;8.921818e-01;3.696948e-01
1.240000e-01;-3.805961e-01;8.666243e-01;3.266373e-01
1.250000e-01;-3.775283e-01;8.398934e-01;2.826903e-01
1.260000e-01;-3.749697e-01;8.095385e-01;2.344652e-01
1.270000e-01;-3.702935e-01;7.809575e-01;1.802232e-01
1.280000e-01;-3.609726e-01;7.420101e-01;1.291362e-01
1.290000e-01;-3.560570e-01;7.077728e-01;6.702913e-02
1.300000e-01;-3.479521e-01;6.692090e-01;3.475819e-03
1.310000e-01;-3.404911e-01;6.352720e-01;-4.741685e-02
1.320000e-01;-3.359529e-01;6.106895e-01;-8.559047e-02
1.330000e-01;-3.317938e-01;5.936030e-01;-1.142373e-01
1.340000e-01;-3.314433e-01;5.784365e-01;-1.311895e-01
1.350000e-01;-3.302456e-01;5.690496e-01;-1.393575e-01
1.360000e-01;-3.318444e-01;5.643044e-01;-1.417562e-01
1.370000e-01;-3.331758e-01;5.634899e-01;-1.390547e-01
1.380000e-01;-3.344591e-01;5.624303e-01;-1.305777e-01
1.390000e-01;-3.360986e-01;5.627687e-01;-1.205482e-01
1.400000e-01;-3.392855e-01;5.657390e-01;-1.095836e-01
1.410000e-01;-3.416231e-01;5.707524e-01;-9.439835e-02
1.420000e-01;-3.447115e-01;5.710088e-01;-7.595655e-02
1.430000e-01;-3.482231e-01;5.784367e-01;-5.916859e-02
1.440000e-01;-3.519568e-01;5.808133e-01;-4.105262e-02
1.450000e-01;-3.567937e-01;5.875797e-01;-2.683178e-02
1.460000e-01;-3.582716e-01;5.892261e-01;-6.003350e-03
1.470000e-01;-3.652322e-01;5.942841e-01;1.068527e-02
1.480000e-01;-3.680887e-01;5.975458e-01;2.742371e-02
1.490000e-01;-3.730812e-01;6.016716e-01;4.263914e-02
1.500000e-01;-3.769554e-01;6.037470e-01;5.845861e-02
1.510000e-01;-3.820753e-01;6.078670e-01;7.409092e-02
1.520000e-01;-3.864079e-01;6.104889e-01;9.124161e-02
1.530000e-01;-3.918985e-01;6.137030e-01;1.085989e-01
1.540000e-01;-3.969781e-01;6.182330e-01;1.259159e-01
1.550000e-01;-4.015381e-01;6.223009e-01;1.478864e-01
1.560000e-01;-4.085481e-01;6.279688e-01;1.677795e-01
1.570000e-01;-4.137423e-01;6.327158e-01;1.926611e-01
1.580000e-01;-4.229815e-01;6.399637e-01;2.178181e-01
1.590000e-01;-4.276209e-01;6.464243e-01;2.410526e-01
1.600000e-01;-4.372780e-01;6.521248e-01;2.647495e-01
1.610000e-01;-4.442290e-01;6.613602e-01;2.903518e-01
1.620000e-01;-4.505777e-01;6.659315e-01;3.166397e-01
1.630000e-01;-4.605526e-01;6.736950e-01;3.419904e-01
1.640000e-01;-4.673946e-01;6.815918e-01;3.729310e-01
1.650000e-01;-4.784630e-01;6.903238e-01;4.003473e-01
1.660000e-01;-4.859231e-01;7.000859e-01;4.302376e-01
1.670000e-01;-4.962229e-01;7.088506e-01;4.642945e-01
1.680000e-01;-5.062283e-01;7.166000e-01;4.927685e-01
1.690000e-01;-5.154097e-01;7.266515e-01;5.282803e-01
1.700000e-01;-5.257351e-01;7.360961e-01;5.566406e-01
1.710000e-01;-5.358729e-01;7.453304e-01;5.852614e-01
1.720000e-01;-5.455253e-01;7.541610e-01;6.214264e-01
1.730000e-01;-5.557958e-01;7.628459e-01;6.488184e-01
1.740000e-01;-5.649903e-01;7.705073e-01;6.809818e-01
1.750000e-01;-5.758447e-01;7.806862e-01;7.152981e-01
1.760000e-01;-5.865616e-01;7.890177e-01;7.475835e-01
1.770000e-01;-5.967317e-01;7.992085e-01;7.810196e-01
1.780000e-01;-6.081941e-01;8.089515e-01;8.138037e-01
1.790000e-01;-6.171651e-01;8.171629e-01;8.485150e-01
1.800000e-01;-6.299722e-01;8.271229e-01;8.826837e-01
1.810000e-01;-6.394959e-01;8.353496e-01;9.142591e-01
1.820000e-01;-6.499183e-01;8.434523e-01;9.453708e-01
1.830000e-01;-6.606478e-01;8.512940e-01;9.769659e-01
1.840000e-01;-6.716811e-01;8.602040e-01;1.009105e+00
1.850000e-01;-6.831270e-01;8.670470e-01;1.042603e+00
1.860000e-01;-6.914308e-01;8.759876e-01;1.076720e+00
1.870000e-01;-7.014731e-01;8.822478e-01;1.111915e+00
1.880000e-01;-7.145630e-01;8.903132e-01;1.145498e+00
1.890000e-01;-7.233646e-01;8.991715e-01;1.178727e+00
1.900000e-01;-7.344762e-01;9.040792e-01;1.216837e+00
1.910000e-01;-7.468550e-01;9.133785e-01;1.248283e+00
1.920000e-01;-7.550294e-01;9.171969e-01;1.280056e+00
1.930000e-01;-7.668429e-01;9.243963e-01;1.317327e+00
1.940000e-01;-7.770569e-01;9.293892e-01;1.348444e+00
1.950000e-01;-7.877764e-01;9.351270e-01;1.383118e+00
1.960000e-01;-7.993773e-01;9.411057e-01;1.418229e+00
1.970000e-01;-8.109916e-01;9.457530e-01;1.452552e+00
1.980000e-01;-8.219695e-01;9.524138e-01;1.488489e+00
1.990000e-01;-8.337240e-01;9.578386e-01;1.526315e+00
2.000000e-01;-8.455597e-01;9.639423e-01;1.561884e+00
2.010000e-01;-8.588502e-01;9.665928e-01;1.595322e+00
2.020000e-01;-8.702692e-01;9.721491e-01;1.629617e+00
2.030000e-01;-8.818351e-01;9.765723e-01;1.664526e+00
2.040000e-01;-8.935452e-01;9.790288e-01;1.697772e+00
2.050000e-01;-9.035703e-01;9.811047e-01;1.731247e+00
2.060000e-01;-9.145023e-01;9.819882e-01;1.767786e+00
2.070000e-01;-9.272539e-01;9.858689e-01;1.798861e+00
2.080000e-01;-9.378027e-01;9.886357e-01;1.834596e+00
2.090000e-01;-9.497070e-01;9.888948e-01;1.872708e+00
2.100000e-01;-9.623221e-01;9.908488e-01;1.908698e+00
2.110000e-01;-9.726032e-01;9.938606e-01;1.942251e+00
2.120000e-01;-9.886375e-01;9.942331e-01;1.976010e+00
2.130000e-01;-1.000230e+00;9.959595e-01;2.008317e+00
2.140000e-01;-1.015157e+00;9.962813e-01;2.043018e+00
2.150000e-01;-1.030431e+00;9.986157e-01;2.074683e+00
2.160000e-01;-1.043164e+00;1.000168e+00;2.104897e+00
2.170000e-01;-1.057854e+00;9.996476e-01;2.139524e+00
2.180000e-01;-1.071039e+00;9.981536e-01;2.171537e+00
2.190000e-01;-1.080629e+00;9.981477e-01;2.201772e+00
2.200000e-01;-1.092414e+00;9.950368e-01;2.234998e+00
2.210000e-01;-1.102499e+00;9.940943e-01;2.266132e+00
2.220000e-01;-1.112063e+00;9.892753e-01;2.298693e+00
2.230000e-01;-1.124295e+00;9.875537e-01;2.327082e+00
2.240000e-01;-1.136374e+00;9.855760e-01;2.356633e+00
2.250000e-01;-1.153488e+00;9.833540e-01;2.387209e+00
2.260000e-01;-1.167918e+00;9.812229e-01;2.411904e+00
2.270000e-01;-1.180568e+00;9.770607e-01;2.437850e+00
2.280000e-01;-1.192584e+00;9.726548e-01;2.462254e+00
2.290000e-01;-1.199740e+00;9.668608e-01;2.488535e+00
2.300000e-01;-1.210546e+00;9.612252e-01;2.516683e+00
2.310000e-01;-1.220144e+00;9.561547e-01;2.538302e+00
2.320000e-01;-1.231259e+00;9.526778e-01;2.564438e+00
2.330000e-01;-1.245930e+00;9.472985e-01;2.587573e+00
2.340000e-01;-1.255170e+00;9.416188e-01;2.605083e+00
2.350000e-01;-1.263414e+00;9.329424e-01;2.625844e+00
2.360000e-01;-1.269336e+00;9.238528e-01;2.640459e+00
2.370000e-01;-1.277817e+00;9.156775e-01;2.660602e+00
2.380000e-01;-1.288323e+00;9.078366e-01;2.679408e+00
2.390000e-01;-1.296486e+00;8.990647e-01;2.695504e+00
2.400000e-01;-1.308506e+00;8.903245e-01;2.714751e+00
2.410000e-01;-1.312088e+00;8.807627e-01;2.730890e+00
2.420000e-01;-1.318138e+00;8.687625e-01;2.747860e+00
2.430000e-01;-1.328817e+00;8.610273e-01;2.761288e+00
2.440000e-01;-1.337010e+00;8.504804e-01;2.777705e+00
2.450000e-01;-1.348810e+00;8.372133e-01;2.789742e+00
2.460000e-01;-1.351647e+00;8.281102e-01;2.801329e+00
2.470000e-01;-1.356115e+00;8.134630e-01;2.813883e+00
2.480000e-01;-1.359780e+00;8.024325e-01;2.824540e+00
2.490000e-01;-1.371418e+00;7.915042e-01;2.839229e+00
2.500000e-01;-1.379688e+00;7.791285e-01;2.847787e+00
2.510000e-01;-1.384992e+00;7.682680e-01;2.860569e+00
2.520000e-01;-1.393775e+00;7.545955e-01;2.869445e+00
2.530000e-01;-1.397409e+00;7.440403e-01;2.879635e+00
2.540000e-01;-1.407661e+00;7.287652e-01;2.888410e+00
2.550000e-01;-1.408138e+00;7.160739e-01;2.897796e+00
2.560000e-01;-1.415413e+00;7.002332e-01;2.905218e+00
2.570000e-01;-1.422585e+00;6.893486e-01;2.910792e+00
2.580000e-01;-1.433357e+00;6.747975e-01;2.919509e+00
2.590000e-01;-1.438965e+00;6.623127e-01;2.925265e+00
2.600000e-01;-1.436986e+00;6.462584e-01;2.932771e+00
2.610000e-01;-1.441530e+00;6.321690e-01;2.938217e+00
2.620000e-01;-1.450499e+00;6.199970e-01;2.949956e+00
2.630000e-01;-1.460879e+00;6.066729e-01;2.952499e+00
2.640000e-01;-1.462798e+00;5.904898e-01;2.957308e+00
2.650000e-01;-1.469025e+00;5.759088e-01;2.958773e+00
2.660000e-01;-1.472974e+00;5.631637e-01;2.965657e+00
2.670000e-01;-1.478457e+00;5.487366e-01;2.967130e+00
2.680000e-01;-1.479880e+00;5.325706e-01;2.967119e+00
2.690000e-01;-1.481564e+00;5.150520e-01;2.966286e+00
2.700000e-01;-1.486425e+00;5.009464e-01;2.971400e+00
2.710000e-01;-1.491862e+00;4.876910e-01;2.970565e+00
2.720000e-01;-1.492293e+00;4.724418e-01;2.970214e+00
2.730000e-01;-1.494339e+00;4.568338e-01;2.972328e+00
2.740000e-01;-1.503037e+00;4.428468e-01;2.973223e+00
2.750000e-01;-1.502408e+00;4.268976e-01;2.970613e+00
2.760000e-01;-1.507471e+00;4.102817e-01;2.965741e+00
2.770000e-01;-1.505812e+00;3.941865e-01;2.961570e+00
2.780000e-01;-1.509650e+00;3.774864e-01;2.958244e+00
2.790000e-01;-1.504142e+00;3.638712e-01;2.950147e+00
2.800000e-01;-1.506686e+00;3.422354e-01;2.943017e+00
2.810000e-01;-1.505999e+00;3.290115e-01;2.939714e+00
2.820000e-01;-1.508702e+00;3.152811e-01;2.934074e+00
2.830000e-01;-1.509250e+00;2.996031e-01;2.929262e+00
2.840000e-01;-1.506161e+00;2.826722e-01;2.918502e+00
2.850000e-01;-1.505562e+00;2.661823e-01;2.909720e+00
2.860000e-01;-1.501095e+00;2.539157e-01;2.899687e+00
2.870000e-01;-1.503848e+00;2.364727e-01;2.889216e+00
2.880000e-01;-1.498292e+00;2.203007e-01;2.879454e+00
2.890000e-01;-1.491192e+00;2.037293e-01;2.863011e+00
2.900000e-01;-1.495752e+00;1.909966e-01;2.849644e+00
2.910000e-01;-1.493203e+00;1.750894e-01;2.841142e+00
2.920000e-01;-1.490343e+00;1.564109e-01;2.831070e+00
2.930000e-01;-1.483283e+00;1.412988e-01;2.816498e+00
2.940000e-01;-1.482079e+00;1.290810e-01;2.802861e+00
2.950000e-01;-1.481030e+00;1.118433e-01;2.791457e+00
2.960000e-01;-1.471872e+00;9.446976e-02;2.776262e+00
2.970000e-01;-1.459364e+00;8.052354e-02;2.760150e+00
2.980000e-01;-1.464991e+00;6.815331e-02;2.744242e+00
2.990000e-01;-1.462101e+00;5.354590e-02;2.727977e+00
3.000000e-01;-1.449554e+00;3.643112e-02;2.710975e+00
3.010000e-01;-1.444123e+00;2.416340e-02;2.693780e+00
3.020000e-01;-1.446052e+00;1.283116e-02;2.679524e+00
3.030000e-01;-1.441575e+00;-2.891600e-03;2.664505e+00
3.040000e-01;-1.429488e+00;-1.966244e-02;2.648260e+00
3.050000e-01;-1.421145e+00;-3.261474e-02;2.632278e+00
3.060000e-01;-1.424262e+00;-4.518890e-02;2.611303e+00
3.070000e-01;-1.421146e+00;-5.889366e-02;2.595939e+00
3.080000e-01;-1.406424e+00;-7.795469e-02;2.580729e+00
3.090000e-01;-1.395632e+00;-8.743402e-02;2.561765e+00
3.100000e-01;-1.390764e+00;-9.529166e-02;2.536535e+00
3.110000e-01;-1.385555e+00;-1.076723e-01;2.521241e+00
3.120000e-01;-1.379453e+00;-1.259815e-01;2.504133e+00
3.130000e-01;-1.371293e+00;-1.413511e-01;2.490624e+00
3.140000e-01;-1.363269e+00;-1.512142e-01;2.473415e+00
3.150000e-01;-1.359214e+00;-1.579644e-01;2.453191e+00
3.160000e-01;-1.355358e+00;-1.715933e-01;2.432404e+00
3.170000e-01;-1.345620e+00;-1.855547e-01;2.419065e+00
3.180000e-01;-1.332410e+00;-1.994619e-01;2.399522e+00
3.190000e-01;-1.324624e+00;-2.096458e-01;2.377725e+00
3.200000e-01;-1.318387e+00;-2.184022e-01;2.359169e+00
3.210000e-01;-1.309936e+00;-2.301600e-01;2.339422e+00
3.220000e-01;-1.307841e+00;-2.423345e-01;2.321381e+00
3.230000e-01;-1.301458e+00;-2.539794e-01;2.305565e+00
3.240000e-01;-1.290655e+00;-2.644355e-01;2.289433e+00
3.250000e-01;-1.282172e+00;-2.749145e-01;2.262212e+00
3.260000e-01;-1.268402e+00;-2.846141e-01;2.250686e+00
3.270000e-01;-1.260675e+00;-2.969293e-01;2.230870e+00
3.280000e-01;-1.260160e+00;-3.071102e-01;2.208083e+00
3.290000e-01;-1.245301e+00;-3.166001e-01;2.194890e+00
3.300000e-01;-1.243045e+00;-3.250234e-01;2.169374e+00
3.310000e-01;-1.231350e+00;-3.339775e-01;2.153517e+00
3.320000e-01;-1.221402e+00;-3.429163e-01;2.131605e+00
3.330000e-01;-1.217008e+00;-3.536887e-01;2.110380e+00
3.340000e-01;-1.208897e+00;-3.660424e-01;2.095653e+00
3.350000e-01;-1.196793e+00;-3.752863e-01;2.077869e+00
3.360000e-01;-1.186559e+00;-3.829929e-01;2.059358e+00
3.370000e-01;-1.173280e+00;-3.895343e-01;2.039516e+00
3.380000e-01;-1.165041e+00;-3.959617e-01;2.018433e+00
3.390000e-01;-1.151481e+00;-4.047100e-01;2.005993e+00
3.400000e-01;-1.150184e+00;-4.125966e-01;1.981621e+00
3.410000e-01;-1.143751e+00;-4.224426e-01;1.959515e+00
3.420000e-01;-1.137747e+00;-4.307487e-01;1.946094e+00
3.430000e-01;-1.124992e+00;-4.391646e-01;1.930679e+00
3.440000e-01;-1.112866e+00;-4.464023e-01;1.913799e+00
3.450000e-01;-1.108826e+00;-4.545326e-01;1.888411e+00
3.460000e-01;-1.094210e+00;-4.628453e-01;1.875585e+00
3.470000e-01;-1.086138e+00;-4.700889e-01;1.857756e+00
3.480000e-01;-1.078845e+00;-4.769538e-01;1.838634e+00
3.490000e-01;-1.070123e+00;-4.827797e-01;1.820875e+00
3.500000e-01;-1.058198e+00;-4.875507e-01;1.799729e+00
3.510000e-01;-1.043425e+00;-4.939879e-01;1.785479e+00
3.520000e-01;-1.031855e+00;-4.988876e-01;1.766062e+00
3.530000e-01;-1.020732e+00;-5.033874e-01;1.749195e+00
3.540000e-01;-1.011658e+00;-5.090874e-01;1.734095e+00
3.550000e-01;-1.003571e+00;-5.158760e-01;1.715561e+00
3.560000e-01;-9.940695e-01;-5.218749e-01;1.701401e+00
3.570000e-01;-9.879969e-01;-5.284538e-01;1.682908e+00
3.580000e-01;-9.804218e-01;-5.358243e-01;1.664889e+00
3.590000e-01;-9.737782e-01;-5.401933e-01;1.643560e+00
3.600000e-01;-9.651457e-01;-5.459345e-01;1.630482e+00
3.610000e-01;-9.504593e-01;-5.500596e-01;1.614394e+00
3.620000e-01;-9.405697e-01;-5.529741e-01;1.593844e+00
3.630000e-01;-9.303140e-01;-5.576304e-01;1.575425e+00
3.640000e-01;-9.164995e-01;-5.596331e-01;1.552615e+00
3.650000e-01;-9.032563e-01;-5.608224e-01;1.535610e+00
3.660000e-01;-8.896033e-01;-5.635656e-01;1.518665e+00
3.670000e-01;-8.754871e-01;-5.668818e-01;1.504337e+00
3.680000e-01;-8.663312e-01;-5.686880e-01;1.484693e+00
3.690000e-01;-8.538901e-01;-5.718994e-01;1.468270e+00
3.700000e-01;-8.450100e-01;-5.752419e-01;1.450664e+00
3.710000e-01;-8.354345e-01;-5.785700e-01;1.434504e+00
3.720000e-01;-8.252114e-01;-5.815438e-01;1.418342e+00
3.730000e-01;-8.161140e-01;-5.848924e-01;1.399886e+00
3.740000e-01;-8.081964e-01;-5.878135e-01;1.380487e+00
3.750000e-01;-7.994578e-01;-5.913684e-01;1.360829e+00
3.760000e-01;-7.891794e-01;-5.919507e-01;1.338576e+00
3.770000e-01;-7.773769e-01;-5.935989e-01;1.320311e+00
3.780000e-01;-7.671736e-01;-5.954249e-01;1.298640e+00
3.790000e-01;-7.559451e-01;-5.958935e-01;1.276781e+00
3.800000e-01;-7.428376e-01;-5.943950e-01;1.256221e+00
3.810000e-01;-7.293411e-01;-5.940666e-01;1.236471e+00
3.820000e-01;-7.162982e-01;-5.929297e-01;1.216546e+00
3.830000e-01;-7.025570e-01;-5.932211e-01;1.195018e+00
3.840000e-01;-6.929490e-01;-5.939693e-01;1.172448e+00
3.850000e-01;-6.809466e-01;-5.917391e-01;1.148747e+00
3.860000e-01;-6.687179e-01;-5.894197e-01;1.125610e+00
3.870000e-01;-6.569818e-01;-5.892762e-01;1.105041e+00
3.880000e-01;-6.448289e-01;-5.893658e-01;1.083538e+00
3.890000e-01;-6.323884e-01;-5.879835e-01;1.061323e+00
3.900000e-01;-6.215053e-01;-5.847113e-01;1.037818e+00
3.910000e-01;-6.091199e-01;-5.826382e-01;1.016033e+00
3.920000e-01;-5.951258e-01;-5.794406e-01;9.945375e-01
3.930000e-01;-5.819447e-01;-5.752263e-01;9.708222e-01
3.940000e-01;-5.689384e-01;-5.719363e-01;9.463973e-01
3.950000e-01;-5.557772e-01;-5.677593e-01;9.193165e-01
3.960000e-01;-5.413997e-01;-5.625437e-01;8.955467e-01
3.970000e-01;-5.287743e-01;-5.589192e-01;8.679522e-01
3.980000e-01;-5.140446e-01;-5.534653e-01;8.414886e-01
3.990000e-01;-5.017698e-01;-5.471476e-01;8.123354e-01
4.000000e-01;-4.868811e-01;-5.428110e-01;7.880329e-01
4.010000e-01;-4.734104e-01;-5.365260e-01;7.623001e-01
4.020000e-01;-4.623691e-01;-5.337761e-01;7.361718e-01
4.030000e-01;-4.487205e-01;-5.274064e-01;7.074392e-01
4.040000e-01;-4.347083e-01;-5.194108e-01;6.808663e-01
4.050000e-01;-4.218790e-01;-5.134631e-01;6.546677e-01
4.060000e-01;-4.066972e-01;-5.080029e-01;6.267253e-01
4.070000e-01;-3.938959e-01;-5.016001e-01;5.967559e-01
4.080000e-01;-3.786647e-01;-4.918043e-01;5.677448e-01
4.090000e-01;-3.641476e-01;-4.857998e-01;5.407898e-01
4.100000e-01;-3.503865e-01;-4.782475e-01;5.100871e-01
4.110000e-01;-3.363877e-01;-4.689579e-01;4.750899e-01
4.120000e-01;-3.213707e-01;-4.593158e-01;4.450072e-01
4.130000e-01;-3.077214e-01;-4.522108e-01;4.169056e-01
4.140000e-01;-2.964987e-01;-4.452450e-01;3.882146e-01
4.150000e-01;-2.855492e-01;-4.385941e-01;3.635786e-01
4.160000e-01;-2.746590e-01;-4.308908e-01;3.401889e-01
4.170000e-01;-2.649093e-01;-4.262609e-01;3.188552e-01
4.180000e-01;-2.552557e-01;-4.194583e-01;2.977531e-01
4.190000e-01;-2.470236e-01;-4.129171e-01;2.769688e-01
4.200000e-01;-2.371641e-01;-4.083085e-01;2.600553e-01
4.210000e-01;-2.351358e-01;-4.074671e-01;2.553669e-01
4.220000e-01;-2.363840e-01;-4.079739e-01;2.602754e-01
4.230000e-01;-2.395415e-01;-4.150470e-01;2.762342e-01
4.240000e-01;-2.466046e-01;-4.226594e-01;2.958879e-01
4.250000e-01;-2.557015e-01;-4.298518e-01;3.223170e-01
4.260000e-01;-2.651734e-01;-4.416672e-01;3.591644e-01
4.270000e-01;-2.775114e-01;-4.556094e-01;3.939214e-01
4.280000e-01;-2.899787e-01;-4.662480e-01;4.350990e-01
4.290000e-01;-3.031934e-01;-4.815637e-01;4.824961e-01
4.300000e-01;-3.174451e-01;-4.976388e-01;5.269316e-01
4.310000e-01;-3.297799e-01;-5.091579e-01;5.673430e-01
4.320000e-01;-3.409243e-01;-5.230196e-01;6.107477e-01
4.330000e-01;-3.539169e-01;-5.370359e-01;6.516379e-01
4.340000e-01;-3.659621e-01;-5.504040e-01;6.942939e-01
4.350000e-01;-3.783591e-01;-5.651152e-01;7.383094e-01
4.360000e-01;-3.911069e-01;-5.792829e-01;7.805973e-01
4.370000e-01;-4.044594e-01;-5.945661e-01;8.271477e-01
4.380000e-01;-4.176390e-01;-6.106219e-01;8.728966e-01
4.390000e-01;-4.317565e-01;-6.243633e-01;9.189774e-01
4.400000e-01;-4.460195e-01;-6.421700e-01;9.664958e-01
4.410000e-01;-4.600280e-01;-6.566858e-01;1.007935e+00
4.420000e-01;-4.747917e-01;-6.702127e-01;1.050606e+00
4.430000e-01;-4.901909e-01;-6.890965e-01;1.095363e+00
4.440000e-01;-5.055992e-01;-7.042303e-01;1.139794e+00
4.450000e-01;-5.217095e-01;-7.220468e-01;1.185439e+00
4.460000e-01;-5.393150e-01;-7.407650e-01;1.230213e+00
4.470000e-01;-5.556958e-01;-7.569716e-01;1.279058e+00
4.480000e-01;-5.757426e-01;-7.806839e-01;1.326875e+00
4.490000e-01;-5.945716e-01;-7.992378e-01;1.375118e+00
4.500000e-01;-6.161350e-01;-8.228784e-01;1.425463e+00
4.510000e-01;-6.353744e-01;-8.423219e-01;1.470926e+00
4.520000e-01;-6.553476e-01;-8.640202e-01;1.518193e+00
4.530000e-01;-6.771548e-01;-8.862468e-01;1.562333e+00
4.540000e-01;-6.978849e-01;-9.072232e-01;1.607869e+00
4.550000e-01;-7.225683e-01;-9.313303e-01;1.651871e+00
4.560000e-01;-7.481615e-01;-9.531898e-01;1.695889e+00
4.570000e-01;-7.755659e-01;-9.804192e-01;1.739309e+00
4.580000e-01;-8.025756e-01;-1.004194e+00;1.786072e+00
4.590000e-01;-8.310916e-01;-1.032523e+00;1.832689e+00
4.600000e-01;-8.593621e-01;-1.057339e+00;1.880036e+00
4.610000e-01;-8.857701e-01;-1.083872e+00;1.921940e+00
4.620000e-01;-9.137321e-01;-1.107094e+00;1.960813e+00
4.630000e-01;-9.452572e-01;-1.137172e+00;1.996421e+00
4.640000e-01;-9.768733e-01;-1.164099e+00;2.036834e+00
4.650000e-01;-1.006309e+00;-1.194618e+00;2.074863e+00
4.660000e-01;-1.038744e+00;-1.221857e+00;2.110086e+00
4.670000e-01;-1.075734e+00;-1.257704e+00;2.141498e+00
4.680000e-01;-1.114170e+00;-1.291007e+00;2.176481e+00
4.690000e-01;-1.148657e+00;-1.326972e+00;2.215372e+00
4.700000e-01;-1.183334e+00;-1.355751e+00;2.250188e+00
4.710000e-01;-1.222156e+00;-1.392340e+00;2.278631e+00
4.720000e-01;-1.265987e+00;-1.427543e+00;2.305479e+00
4.730000e-01;-1.307666e+00;-1.469598e+00;2.334703e+00
4.740000e-01;-1.348942e+00;-1.505300e+00;2.361614e+00
4.750000e-01;-1.391953e+00;-1.542270e+00;2.386414e+00
4.760000e-01;-1.433217e+00;-1.580863e+00;2.413953e+00
4.770000e-01;-1.478207e+00;-1.620659e+00;2.434261e+00
4.780000e-01;-1.524007e+00;-1.661870e+00;2.454089e+00
4.790000e-01;-1.570892e+00;-1.704740e+00;2.477493e+00
4.800000e-01;-1.617157e+00;-1.747539e+00;2.496364e+00
4.810000e-01;-1.665649e+00;-1.791209e+00;2.516543e+00
4.820000e-01;-1.712236e+00;-1.838502e+00;2.534886e+00
4.830000e-01;-1.759283e+00;-1.883197e+00;2.549391e+00
4.840000e-01;-1.814398e+00;-1.931099e+00;2.556263e+00
4.850000e-01;-1.873970e+00;-1.988541e+00;2.566888e+00
4.860000e-01;-1.922730e+00;-2.034842e+00;2.578044e+00
4.870000e-01;-1.974494e+00;-2.078810e+00;2.582340e+00
4.880000e-01;-2.026530e+00;-2.127832e+00;2.593204e+00
4.890000e-01;-2.078395e+00;-2.175748e+00;2.596712e+00
4.900000e-01;-2.136572e+00;-2.228732e+00;2.596402e+00
4.910000e-01;-2.187476e+00;-2.280572e+00;2.600305e+00
4.920000e-01;-2.242837e+00;-2.333436e+00;2.595585e+00
4.930000e-01;-2.300549e+00;-2.389453e+00;2.591349e+00
4.940000e-01;-2.351767e+00;-2.441126e+00;2.583714e+00
4.950000e-01;-2.404892e+00;-2.492488e+00;2.572930e+00
4.960000e-01;-2.455648e+00;-2.540498e+00;2.559706e+00
4.970000e-01;-2.511968e+00;-2.595471e+00;2.537297e+00
4.980000e-01;-2.561956e+00;-2.644619e+00;2.522750e+00
4.990000e-01;-2.611418e+00;-2.691805e+00;2.501779e+00
5.000000e-01;-2.662803e+00;-2.742952e+00;2.477195e+00
5.010000e-01;-2.715460e+00;-2.797544e+00;2.450289e+00
5.020000e-01;-2.762302e+00;-2.846515e+00;2.422162e+00
5.030000e-01;-2.810990e+00;-2.894138e+00;2.386861e+00
5.040000e-01;-2.858163e+00;-2.942160e+00;2.349739e+00
5.050000e-01;-2.896750e+00;-2.978899e+00;2.315672e+00
5.060000e-01;-2.936175e+00;-3.019259e+00;2.270892e+00
5.070000e-01;-2.973348e+00;-3.061440e+00;2.226127e+00
5.080000e-01;-3.007699e+00;-3.095781e+00;2.177056e+00
5.090000e-01;-3.040960e+00;-3.131222e+00;2.123234e+00
5.100000e-01;-3.067833e+00;-3.161775e+00;2.068671e+00
5.110000e-01;-3.098963e+00;-3.191604e+00;2.014501e+00
5.120000e-01;-3.126593e+00;-3.223507e+00;1.954746e+00
5.130000e-01;-3.150620e+00;-3.250559e+00;1.895112e+00
5.140000e-01;-3.167774e+00;-3.268343e+00;1.822428e+00
5.150000e-01;-3.183229e+00;-3.289006e+00;1.759203e+00
5.160000e-01;-3.190268e+00;-3.298441e+00;1.691672e+00
5.170000e-01;-3.197059e+00;-3.308205e+00;1.614768e+00
5.180000e-01;-3.197763e+00;-3.313644e+00;1.539003e+00
5.190000e-01;-3.192067e+00;-3.311523e+00;1.468365e+00
5.200000e-01;-3.186760e+00;-3.306311e+00;1.387263e+00
5.210000e-01;-3.180513e+00;-3.303398e+00;1.310768e+00
5.220000e-01;-3.171078e+00;-3.296794e+00;1.237288e+00
5.230000e-01;-3.155533e+00;-3.282112e+00;1.156326e+00
5.240000e-01;-3.134769e+00;-3.265147e+00;1.075357e+00
5.250000e-01;-3.105646e+00;-3.241516e+00;9.978738e-01
5.260000e-01;-3.074159e+00;-3.209769e+00;9.184504e-01
5.270000e-01;-3.039703e+00;-3.176702e+00;8.374975e-01
5.280000e-01;-3.000738e+00;-3.140310e+00;7.535102e-01
5.290000e-01;-2.954434e+00;-3.093900e+00;6.788581e-01
5.300000e-01;-2.908056e+00;-3.047358e+00;6.072225e-01
5.310000e-01;-2.860384e+00;-3.001731e+00;5.326493e-01
5.320000e-01;-2.804462e+00;-2.949478e+00;4.572042e-01
5.330000e-01;-2.747946e+00;-2.886891e+00;3.849869e-01
5.340000e-01;-2.689277e+00;-2.823241e+00;3.214431e-01
5.350000e-01;-2.624998e+00;-2.759952e+00;2.485734e-01
5.360000e-01;-2.553661e+00;-2.688417e+00;1.843860e-01
5.370000e-01;-2.482140e+00;-2.613570e+00;1.257509e-01
5.380000e-01;-2.405126e+00;-2.532336e+00;6.678215e-02
5.390000e-01;-2.326081e+00;-2.446315e+00;1.239735e-02
5.400000e-01;-2.242591e+00;-2.360296e+00;-3.893496e-02
5.410000e-01;-2.157282e+00;-2.271802e+00;-8.645635e-02
5.420000e-01;-2.077437e+00;-2.182736e+00;-1.316657e-01
5.430000e-01;-1.990750e+00;-2.090032e+00;-1.709431e-01
5.440000e-01;-1.899566e+00;-1.994854e+00;-2.081006e-01
5.450000e-01;-1.808647e+00;-1.894979e+00;-2.392505e-01
5.460000e-01;-1.715619e+00;-1.790879e+00;-2.679176e-01
5.470000e-01;-1.620941e+00;-1.688385e+00;-2.930002e-01
5.480000e-01;-1.523744e+00;-1.580970e+00;-3.168344e-01
5.490000e-01;-1.425160e+00;-1.469486e+00;-3.338250e-01
5.500000e-01;-1.323753e+00;-1.357216e+00;-3.466852e-01
5.510000e-01;-1.226505e+00;-1.249008e+00;-3.569355e-01
5.520000e-01;-1.130254e+00;-1.140797e+00;-3.630795e-01
5.530000e-01;-1.034562e+00;-1.034188e+00;-3.662406e-01
5.540000e-01;-9.353222e-01;-9.248583e-01;-3.640497e-01
5.550000e-01;-8.392047e-01;-8.130549e-01;-3.570069e-01
5.560000e-01;-7.404070e-01;-7.013448e-01;-3.513255e-01
5.570000e-01;-6.408589e-01;-5.914337e-01;-3.379834e-01
5.580000e-01;-5.417846e-01;-4.771101e-01;-3.188825e-01
5.590000e-01;-4.432754e-01;-3.665385e-01;-2.992161e-01
5.600000e-01;-3.443596e-01;-2.536483e-01;-2.761000e-01
5.610000e-01;-2.509365e-01;-1.443763e-01;-2.535335e-01
5.620000e-01;-1.595879e-01;-4.089523e-02;-2.285847e-01
5.630000e-01;-6.766457e-02;6.330319e-02;-1.988462e-01
5.640000e-01;2.170445e-02;1.662574e-01;-1.654993e-01
5.650000e-01;1.099104e-01;2.674546e-01;-1.305288e-01
5.660000e-01;1.967911e-01;3.655127e-01;-9.514717e-02
5.670000e-01;2.817879e-01;4.628435e-01;-5.524780e-02
5.680000e-01;3.660178e-01;5.593920e-01;-1.281485e-02
5.690000e-01;4.498922e-01;6.551224e-01;2.828307e-02
5.700000e-01;5.334913e-01;7.477402e-01;7.347859e-02
5.710000e-01;6.141808e-01;8.366410e-01;1.200170e-01
5.720000e-01;6.903236e-01;9.213761e-01;1.622480e-01
5.730000e-01;7.630027e-01;1.002521e+00;2.066681e-01
5.740000e-01;8.345203e-01;1.080454e+00;2.484742e-01
5.750000e-01;9.046086e-01;1.155958e+00;2.913123e-01
5.760000e-01;9.729058e-01;1.229390e+00;3.398786e-01
5.770000e-01;1.039178e+00;1.300986e+00;3.869094e-01
5.780000e-01;1.103971e+00;1.370092e+00;4.341696e-01
5.790000e-01;1.168439e+00;1.436812e+00;4.784308e-01
5.800000e-01;1.232964e+00;1.502591e+00;5.280364e-01
5.810000e-01;1.293452e+00;1.563903e+00;5.745791e-01
5.820000e-01;1.352032e+00;1.621784e+00;6.186287e-01
5.830000e-01;1.407069e+00;1.675704e+00;6.612182e-01
5.840000e-01;1.459677e+00;1.726053e+00;7.020814e-01
5.850000e-01;1.511886e+00;1.772169e+00;7.425482e-01
5.860000e-01;1.562998e+00;1.818003e+00;7.832645e-01
5.870000e-01;1.611237e+00;1.861717e+00;8.208360e-01
5.880000e-01;1.660144e+00;1.902578e+00;8.610474e-01
5.890000e-01;1.708445e+00;1.942740e+00;8.988521e-01
5.900000e-01;1.756205e+00;1.981648e+00;9.379651e-01
5.910000e-01;1.804721e+00;2.019550e+00;9.739077e-01
5.920000e-01;1.851933e+00;2.054640e+00;1.009066e+00
5.930000e-01;1.894860e+00;2.086452e+00;1.041204e+00
5.940000e-01;1.936697e+00;2.114785e+00;1.071905e+00
5.950000e-01;1.978099e+00;2.140104e+00;1.102139e+00
5.960000e-01;2.016832e+00;2.163749e+00;1.130533e+00
5.970000e-01;2.055368e+00;2.187329e+00;1.157947e+00
5.980000e-01;2.095007e+00;2.207806e+00;1.183785e+00
5.990000e-01;2.134931e+00;2.230144e+00;1.209381e+00
6.000000e-01;2.173629e+00;2.250586e+00;1.235321e+00
6.010000e-01;2.215386e+00;2.272742e+00;1.263982e+00
6.020000e-01;2.255528e+00;2.292728e+00;1.291014e+00
6.030000e-01;2.291840e+00;2.308921e+00;1.313698e+00
6.040000e-01;2.327450e+00;2.321735e+00;1.337655e+00
6.050000e-01;2.362613e+00;2.334136e+00;1.361294e+00
6.060000e-01;2.395526e+00;2.345715e+00;1.379921e+00
6.070000e-01;2.432166e+00;2.355033e+00;1.397469e+00
6.080000e-01;2.468916e+00;2.366622e+00;1.420519e+00
6.090000e-01;2.500301e+00;2.376963e+00;1.441561e+00
6.100000e-01;2.539460e+00;2.387925e+00;1.461317e+00
6.110000e-01;2.579770e+00;2.402912e+00;1.487342e+00
6.120000e-01;2.617909e+00;2.415473e+00;1.511322e+00
6.130000e-01;2.655664e+00;2.426676e+00;1.530693e+00
6.140000e-01;2.694632e+00;2.437447e+00;1.553412e+00
6.150000e-01;2.730462e+00;2.444500e+00;1.570013e+00
6.160000e-01;2.765558e+00;2.450360e+00;1.593078e+00
6.170000e-01;2.799860e+00;2.453829e+00;1.612589e+00
6.180000e-01;2.835026e+00;2.459188e+00;1.635670e+00
6.190000e-01;2.869452e+00;2.464347e+00;1.649907e+00
6.200000e-01;2.900946e+00;2.464190e+00;1.669449e+00
6.210000e-01;2.943874e+00;2.475500e+00;1.694387e+00
6.220000e-01;2.976680e+00;2.480658e+00;1.720369e+00
6.230000e-01;3.011905e+00;2.484001e+00;1.744633e+00
6.240000e-01;3.046537e+00;2.486017e+00;1.759559e+00
6.250000e-01;3.074009e+00;2.482816e+00;1.785474e+00
6.260000e-01;3.104771e+00;2.481500e+00;1.798705e+00
6.270000e-01;3.138685e+00;2.477349e+00;1.814129e+00
6.280000e-01;3.161911e+00;2.468510e+00;1.828524e+00
6.290000e-01;3.182729e+00;2.457801e+00;1.841106e+00
6.300000e-01;3.209042e+00;2.449859e+00;1.852763e+00
6.310000e-01;3.232561e+00;2.440336e+00;1.872051e+00
6.320000e-01;3.256733e+00;2.431583e+00;1.883022e+00
6.330000e-01;3.272682e+00;2.415699e+00;1.892218e+00
6.340000e-01;3.293892e+00;2.400655e+00;1.902819e+00
6.350000e-01;3.300919e+00;2.377780e+00;1.907228e+00
6.360000e-01;3.310514e+00;2.354224e+00;1.909689e+00
6.370000e-01;3.315830e+00;2.329430e+00;1.908114e+00
6.380000e-01;3.320730e+00;2.301906e+00;1.902678e+00
6.390000e-01;3.316509e+00;2.271488e+00;1.893937e+00
6.400000e-01;3.314381e+00;2.237992e+00;1.885757e+00
6.410000e-01;3.303303e+00;2.201895e+00;1.879412e+00
6.420000e-01;3.298581e+00;2.167167e+00;1.872832e+00
6.430000e-01;3.299699e+00;2.138241e+00;1.874793e+00
6.440000e-01;3.301683e+00;2.112288e+00;1.873492e+00
6.450000e-01;3.308970e+00;2.090840e+00;1.877958e+00
6.460000e-01;3.315130e+00;2.068264e+00;1.880459e+00
6.470000e-01;3.328631e+00;2.046371e+00;1.887148e+00
6.480000e-01;3.339276e+00;2.026917e+00;1.893933e+00
6.490000e-01;3.353162e+00;2.007768e+00;1.900032e+00
6.500000e-01;3.368256e+00;1.988284e+00;1.906597e+00
6.510000e-01;3.390901e+00;1.972510e+00;1.923278e+00
6.520000e-01;3.411438e+00;1.959709e+00;1.936220e+00
6.530000e-01;3.433702e+00;1.943332e+00;1.950326e+00
6.540000e-01;3.454302e+00;1.929652e+00;1.964562e+00
6.550000e-01;3.479081e+00;1.915415e+00;1.975869e+00
6.560000e-01;3.499297e+00;1.899921e+00;1.986635e+00
6.570000e-01;3.521895e+00;1.883465e+00;1.995699e+00
6.580000e-01;3.542995e+00;1.865972e+00;2.007035e+00
6.590000e-01;3.559523e+00;1.845461e+00;2.011650e+00
6.600000e-01;3.579428e+00;1.829655e+00;2.022993e+00
6.610000e-01;3.597216e+00;1.808537e+00;2.028849e+00
6.620000e-01;3.614793e+00;1.788729e+00;2.039951e+00
6.630000e-01;3.629709e+00;1.768504e+00;2.044164e+00
6.640000e-01;3.647810e+00;1.749694e+00;2.054275e+00
6.650000e-01;3.665812e+00;1.728346e+00;2.058722e+00
6.660000e-01;3.682353e+00;1.705753e+00;2.066508e+00
6.670000e-01;3.699158e+00;1.685189e+00;2.069853e+00
6.680000e-01;3.714995e+00;1.663407e+00;2.074353e+00
6.690000e-01;3.732901e+00;1.643169e+00;2.079432e+00
6.700000e-01;3.748486e+00;1.618835e+00;2.083390e+00
6.710000e-01;3.766354e+00;1.598363e+00;2.092089e+00
6.720000e-01;3.781821e+00;1.577103e+00;2.096565e+00
6.730000e-01;3.797398e+00;1.554836e+00;2.100841e+00
6.740000e-01;3.813151e+00;1.531391e+00;2.108164e+00
6.750000e-01;3.827322e+00;1.508122e+00;2.112591e+00
6.760000e-01;3.843265e+00;1.482502e+00;2.119122e+00
6.770000e-01;3.854309e+00;1.459996e+00;2.121629e+00
6.780000e-01;3.871343e+00;1.436502e+00;2.124373e+00
6.790000e-01;3.884726e+00;1.412878e+00;2.128658e+00
6.800000e-01;3.897340e+00;1.387526e+00;2.126339e+00
6.810000e-01;3.916060e+00;1.365246e+00;2.132819e+00
6.820000e-01;3.931381e+00;1.340640e+00;2.133714e+00
6.830000e-01;3.946820e+00;1.317445e+00;2.140361e+00
6.840000e-01;3.960555e+00;1.291977e+00;2.140408e+00
6.850000e-01;3.972941e+00;1.267766e+00;2.143349e+00
6.860000e-01;3.989501e+00;1.241050e+00;2.147642e+00
6.870000e-01;4.000941e+00;1.216832e+00;2.149802e+00
6.880000e-01;4.010544e+00;1.190451e+00;2.147400e+00
6.890000e-01;4.021687e+00;1.161958e+00;2.152416e+00
6.900000e-01;4.030251e+00;1.136941e+00;2.154318e+00
6.910000e-01;4.041508e+00;1.111109e+00;2.154160e+00
6.920000e-01;4.054166e+00;1.084915e+00;2.156197e+00
6.930000e-01;4.063473e+00;1.059176e+00;2.162837e+00
6.940000e-01;4.073666e+00;1.032109e+00;2.161841e+00
6.950000e-01;4.085602e+00;1.006359e+00;2.164935e+00
6.960000e-01;4.098522e+00;9.793278e-01;2.168204e+00
6.970000e-01;4.103819e+00;9.520608e-01;2.166769e+00
6.980000e-01;4.113971e+00;9.244467e-01;2.169186e+00
6.990000e-01;4.124537e+00;8.960047e-01;2.169872e+00
7.000000e-01;4.128454e+00;8.705594e-01;2.168717e+00
7.010000e-01;4.140769e+00;8.404597e-01;2.171045e+00
7.020000e-01;4.149101e+00;8.149095e-01;2.172773e+00
7.030000e-01;4.160109e+00;7.867126e-01;2.174029e+00
7.040000e-01;4.168098e+00;7.599733e-01;2.176481e+00
7.050000e-01;4.174440e+00;7.324966e-01;2.179101e+00
7.060000e-01;4.183080e+00;7.021594e-01;2.175944e+00
7.070000e-01;4.190483e+00;6.723280e-01;2.176686e+00
7.080000e-01;4.197394e+00;6.462210e-01;2.179543e+00
7.090000e-01;4.200359e+00;6.172084e-01;2.180259e+00
7.100000e-01;4.204296e+00;5.893526e-01;2.179051e+00
7.110000e-01;4.212464e+00;5.611993e-01;2.179993e+00
7.120000e-01;4.219733e+00;5.320374e-01;2.180529e+00
7.130000e-01;4.225940e+00;5.023926e-01;2.174673e+00
7.140000e-01;4.228685e+00;4.739112e-01;2.182659e+00
7.150000e-01;4.228870e+00;4.450526e-01;2.186030e+00
7.160000e-01;4.237729e+00;4.146843e-01;2.184531e+00
7.170000e-01;4.235262e+00;3.857921e-01;2.184421e+00
7.180000e-01;4.242272e+00;3.572873e-01;2.185448e+00
7.190000e-01;4.244437e+00;3.268217e-01;2.184681e+00
7.200000e-01;4.247212e+00;2.962083e-01;2.188663e+00
7.210000e-01;4.247657e+00;2.689655e-01;2.193169e+00
7.220000e-01;4.250115e+00;2.395032e-01;2.193321e+00
7.230000e-01;4.249438e+00;2.134551e-01;2.195005e+00
7.240000e-01;4.252426e+00;1.794121e-01;2.190583e+00
7.250000e-01;4.253578e+00;1.524100e-01;2.197829e+00
7.260000e-01;4.251227e+00;1.236479e-01;2.195499e+00
7.270000e-01;4.248530e+00;9.272383e-02;2.198184e+00
7.280000e-01;4.256806e+00;5.971206e-02;2.193667e+00
7.290000e-01;4.252281e+00;3.104895e-02;2.203932e+00
7.300000e-01;4.250683e+00;2.648061e-03;2.199655e+00
7.310000e-01;4.242763e+00;-2.902380e-02;2.202133e+00
7.320000e-01;4.249415e+00;-5.891386e-02;2.196648e+00
7.330000e-01;4.239973e+00;-8.902561e-02;2.200944e+00
7.340000e-01;4.243120e+00;-1.190464e-01;2.193263e+00
7.350000e-01;4.235266e+00;-1.495376e-01;2.194598e+00
7.360000e-01;4.236807e+00;-1.792998e-01;2.196190e+00
7.370000e-01;4.227796e+00;-2.094836e-01;2.199023e+00
7.380000e-01;4.222615e+00;-2.384012e-01;2.193900e+00
7.390000e-01;4.217897e+00;-2.687097e-01;2.195753e+00
7.400000e-01;4.206833e+00;-2.987038e-01;2.195699e+00
7.410000e-01;4.199627e+00;-3.273509e-01;2.196086e+00
7.420000e-01;4.193412e+00;-3.550939e-01;2.195874e+00
7.430000e-01;4.185031e+00;-3.857703e-01;2.202158e+00
7.440000e-01;4.177466e+00;-4.167789e-01;2.200382e+00
7.450000e-01;4.168466e+00;-4.455666e-01;2.196174e+00
7.460000e-01;4.160635e+00;-4.728669e-01;2.195152e+00
7.470000e-01;4.146900e+00;-5.031496e-01;2.196801e+00
7.480000e-01;4.139102e+00;-5.316430e-01;2.188847e+00
7.490000e-01;4.128414e+00;-5.601344e-01;2.187299e+00
7.500000e-01;4.118370e+00;-5.885246e-01;2.183879e+00
7.510000e-01;4.111671e+00;-6.176737e-01;2.181952e+00
7.520000e-01;4.094999e+00;-6.448202e-01;2.181662e+00
7.530000e-01;4.086752e+00;-6.718821e-01;2.180919e+00
7.540000e-01;4.068007e+00;-6.998070e-01;2.179148e+00
7.550000e-01;4.055795e+00;-7.249150e-01;2.177256e+00
7.560000e-01;4.039920e+00;-7.559205e-01;2.177199e+00
7.570000e-01;4.022407e+00;-7.809423e-01;2.173193e+00
7.580000e-01;4.007636e+00;-8.080519e-01;2.169171e+00
7.590000e-01;3.989736e+00;-8.350201e-01;2.167339e+00
7.600000e-01;3.974418e+00;-8.616299e-01;2.157081e+00
7.610000e-01;3.959854e+00;-8.860013e-01;2.158950e+00
7.620000e-01;3.944157e+00;-9.118370e-01;2.149087e+00
7.630000e-01;3.927405e+00;-9.362377e-01;2.146727e+00
7.640000e-01;3.911733e+00;-9.591283e-01;2.145708e+00
7.650000e-01;3.895377e+00;-9.854981e-01;2.139841e+00
7.660000e-01;3.876434e+00;-1.010220e+00;2.140467e+00
7.670000e-01;3.856016e+00;-1.032773e+00;2.132741e+00
7.680000e-01;3.836029e+00;-1.059406e+00;2.126818e+00
7.690000e-01;3.816133e+00;-1.080929e+00;2.120521e+00
7.700000e-01;3.796568e+00;-1.103655e+00;2.111194e+00
7.710000e-01;3.775833e+00;-1.128115e+00;2.108286e+00
7.720000e-01;3.755370e+00;-1.147388e+00;2.104943e+00
7.730000e-01;3.732536e+00;-1.170014e+00;2.101101e+00
7.740000e-01;3.711532e+00;-1.194495e+00;2.097962e+00
7.750000e-01;3.684434e+00;-1.212067e+00;2.092893e+00
7.760000e-01;3.663325e+00;-1.230653e+00;2.086239e+00
7.770000e-01;3.636180e+00;-1.245966e+00;2.078236e+00
7.780000e-01;3.617672e+00;-1.267051e+00;2.069590e+00
7.790000e-01;3.596626e+00;-1.289957e+00;2.059362e+00
7.800000e-01;3.571232e+00;-1.313179e+00;2.052349e+00
7.810000e-01;3.545727e+00;-1.329782e+00;2.050444e+00
7.820000e-01;3.519992e+00;-1.344339e+00;2.043406e+00
7.830000e-01;3.495127e+00;-1.361036e+00;2.039583e+00
7.840000e-01;3.470027e+00;-1.380601e+00;2.030826e+00
7.850000e-01;3.444713e+00;-1.395306e+00;2.023404e+00
7.860000e-01;3.419897e+00;-1.412274e+00;2.013634e+00
7.870000e-01;3.391712e+00;-1.428362e+00;2.007724e+00
7.880000e-01;3.365332e+00;-1.443766e+00;1.998767e+00
7.890000e-01;3.336138e+00;-1.458125e+00;1.991350e+00
7.900000e-01;3.307064e+00;-1.470302e+00;1.984019e+00
7.910000e-01;3.280895e+00;-1.486125e+00;1.973619e+00
7.920000e-01;3.255646e+00;-1.499276e+00;1.963926e+00
7.930000e-01;3.229049e+00;-1.512409e+00;1.953537e+00
7.940000e-01;3.200290e+00;-1.525729e+00;1.945042e+00
7.950000e-01;3.171074e+00;-1.540390e+00;1.937282e+00
7.960000e-01;3.139990e+00;-1.549306e+00;1.929316e+00
7.970000e-01;3.109241e+00;-1.560064e+00;1.919755e+00
7.980000e-01;3.082289e+00;-1.572335e+00;1.911560e+00
7.990000e-01;3.053151e+00;-1.582147e+00;1.900232e+00
8.000000e-01;3.023191e+00;-1.591359e+00;1.891107e+00
8.010000e-01;2.993598e+00;-1.599361e+00;1.881230e+00
8.020000e-01;2.963134e+00;-1.609280e+00;1.871661e+00
8.030000e-01;2.931421e+00;-1.616943e+00;1.863152e+00
8.040000e-01;2.898381e+00;-1.625110e+00;1.854452e+00
8.050000e-01;2.868654e+00;-1.633668e+00;1.841689e+00
8.060000e-01;2.840183e+00;-1.641432e+00;1.828814e+00
8.070000e-01;2.808862e+00;-1.645097e+00;1.818841e+00
8.080000e-01;2.779340e+00;-1.652323e+00;1.808684e+00
8.090000e-01;2.746358e+00;-1.657820e+00;1.798465e+00
8.100000e-01;2.714393e+00;-1.663163e+00;1.787853e+00
8.110000e-01;2.683887e+00;-1.667597e+00;1.776615e+00
8.120000e-01;2.652718e+00;-1.672681e+00;1.764884e+00
8.130000e-01;2.620369e+00;-1.677014e+00;1.755247e+00
8.140000e-01;2.588769e+00;-1.680207e+00;1.744502e+00
8.150000e-01;2.556286e+00;-1.681417e+00;1.734396e+00
8.160000e-01;2.524451e+00;-1.684155e+00;1.722587e+00
8.170000e-01;2.493879e+00;-1.686204e+00;1.709901e+00
8.180000e-01;2.462826e+00;-1.687484e+00;1.696701e+00
8.190000e-01;2.432520e+00;-1.687382e+00;1.684219e+00
8.200000e-01;2.398328e+00;-1.688767e+00;1.673256e+00
8.210000e-01;2.367108e+00;-1.689507e+00;1.660865e+00
8.220000e-01;2.333927e+00;-1.688887e+00;1.649045e+00
8.230000e-01;2.305756e+00;-1.687666e+00;1.636560e+00
8.240000e-01;2.274684e+00;-1.686162e+00;1.622885e+00
8.250000e-01;2.242884e+00;-1.684130e+00;1.611880e+00
8.260000e-01;2.210818e+00;-1.682586e+00;1.601948e+00
8.270000e-01;2.179742e+00;-1.679876e+00;1.588606e+00
8.280000e-01;2.148221e+00;-1.677290e+00;1.573756e+00
8.290000e-01;2.117126e+00;-1.675611e+00;1.563031e+00
8.300000e-01;2.086098e+00;-1.672380e+00;1.549866e+00
8.310000e-01;2.055652e+00;-1.668909e+00;1.537158e+00
8.320000e-01;2.024194e+00;-1.665382e+00;1.519917e+00
8.330000e-01;1.991007e+00;-1.657540e+00;1.512968e+00
8.340000e-01;1.961784e+00;-1.653121e+00;1.496354e+00
8.350000e-01;1.932857e+00;-1.647449e+00;1.483413e+00
8.360000e-01;1.903437e+00;-1.644407e+00;1.469339e+00
8.370000e-01;1.872109e+00;-1.634237e+00;1.459218e+00
8.380000e-01;1.840013e+00;-1.630475e+00;1.444590e+00
8.390000e-01;1.809197e+00;-1.624221e+00;1.435177e+00
8.400000e-01;1.779017e+00;-1.618722e+00;1.416438e+00
8.410000e-01;1.749450e+00;-1.609234e+00;1.401560e+00
8.420000e-01;1.721826e+00;-1.599925e+00;1.389756e+00
8.430000e-01;1.692423e+00;-1.591943e+00;1.370914e+00
8.440000e-01;1.661450e+00;-1.583324e+00;1.360047e+00
8.450000e-01;1.634452e+00;-1.576871e+00;1.347642e+00
8.460000e-01;1.602109e+00;-1.565930e+00;1.337064e+00
8.470000e-01;1.573655e+00;-1.557762e+00;1.319855e+00
8.480000e-01;1.546335e+00;-1.545342e+00;1.309518e+00
8.490000e-01;1.517615e+00;-1.536286e+00;1.294729e+00
8.500000e-01;1.487587e+00;-1.527848e+00;1.279344e+00
8.510000e-01;1.457821e+00;-1.515898e+00;1.265075e+00
8.520000e-01;1.430090e+00;-1.503201e+00;1.251184e+00
8.530000e-01;1.401035e+00;-1.491810e+00;1.236486e+00
8.540000e-01;1.375327e+00;-1.481565e+00;1.221816e+00
8.550000e-01;1.347780e+00;-1.470771e+00;1.208826e+00
8.560000e-01;1.320831e+00;-1.456473e+00;1.191950e+00
8.570000e-01;1.292247e+00;-1.443241e+00;1.181632e+00
8.580000e-01;1.264116e+00;-1.431318e+00;1.165859e+00
8.590000e-01;1.236064e+00;-1.418969e+00;1.152227e+00
8.600000e-01;1.211087e+00;-1.404661e+00;1.135355e+00
8.610000e-01;1.186867e+00;-1.391552e+00;1.120159e+00
8.620000e-01;1.159149e+00;-1.377582e+00;1.107164e+00
8.630000e-01;1.134482e+00;-1.364262e+00;1.092276e+00
8.640000e-01;1.107824e+00;-1.347892e+00;1.078410e+00
8.650000e-01;1.082188e+00;-1.334546e+00;1.063541e+00
8.660000e-01;1.056216e+00;-1.319529e+00;1.048317e+00
8.670000e-01;1.033402e+00;-1.305019e+00;1.033505e+00
8.680000e-01;1.007773e+00;-1.289177e+00;1.017261e+00
8.690000e-01;9.830610e-01;-1.274203e+00;1.002969e+00
8.700000e-01;9.575237e-01;-1.257374e+00;9.869667e-01
8.710000e-01;9.326720e-01;-1.240534e+00;9.722246e-01
8.720000e-01;9.092118e-01;-1.226087e+00;9.562271e-01
8.730000e-01;8.870934e-01;-1.207961e+00;9.416120e-01
8.740000e-01;8.640680e-01;-1.191326e+00;9.262336e-01
8.750000e-01;8.396093e-01;-1.173540e+00;9.103428e-01
8.760000e-01;8.172729e-01;-1.156997e+00;8.960012e-01
8.770000e-01;7.933877e-01;-1.139191e+00;8.797242e-01
8.780000e-01;7.698549e-01;-1.122073e+00;8.642976e-01
8.790000e-01;7.478512e-01;-1.104740e+00;8.468650e-01
8.800000e-01;7.252676e-01;-1.086641e+00;8.333113e-01
8.810000e-01;7.048512e-01;-1.070721e+00;8.148351e-01
8.820000e-01;6.814797e-01;-1.052510e+00;8.021892e-01
8.830000e-01;6.606528e-01;-1.033082e+00;7.853303e-01
8.840000e-01;6.398566e-01;-1.013057e+00;7.717829e-01
8.850000e-01;6.171207e-01;-9.954615e-01;7.540281e-01
8.860000e-01;5.975866e-01;-9.777243e-01;7.388717e-01
8.870000e-01;5.748745e-01;-9.586453e-01;7.218159e-01
8.880000e-01;5.550602e-01;-9.441572e-01;7.055493e-01
8.890000e-01;5.368811e-01;-9.229262e-01;6.905121e-01
8.900000e-01;5.149043e-01;-9.041773e-01;6.746824e-01
8.910000e-01;4.956813e-01;-8.837805e-01;6.572491e-01
8.920000e-01;4.760261e-01;-8.646559e-01;6.417268e-01
8.930000e-01;4.572582e-01;-8.458463e-01;6.270199e-01
8.940000e-01;4.364552e-01;-8.258272e-01;6.113373e-01
8.950000e-01;4.158621e-01;-8.046141e-01;5.936227e-01
8.960000e-01;3.973016e-01;-7.869104e-01;5.764576e-01
8.970000e-01;3.809498e-01;-7.674640e-01;5.611724e-01
8.980000e-01;3.611430e-01;-7.474443e-01;5.452905e-01
8.990000e-01;3.421064e-01;-7.273006e-01;5.284069e-01
9.000000e-01;3.234572e-01;-7.060142e-01;5.115599e-01
9.010000e-01;3.070590e-01;-6.861845e-01;4.967994e-01
9.020000e-01;2.888956e-01;-6.671500e-01;4.814898e-01
9.030000e-01;2.719470e-01;-6.474499e-01;4.646313e-01
9.040000e-01;2.533112e-01;-6.261408e-01;4.454015e-01
9.050000e-01;2.378127e-01;-6.087886e-01;4.297831e-01
9.060000e-01;2.216628e-01;-5.863556e-01;4.142149e-01
9.070000e-01;2.065809e-01;-5.680496e-01;3.991024e-01
9.080000e-01;1.905249e-01;-5.476278e-01;3.808257e-01
9.090000e-01;1.741685e-01;-5.270144e-01;3.667426e-01
9.100000e-01;1.555530e-01;-5.043286e-01;3.476334e-01
9.110000e-01;1.432621e-01;-4.855772e-01;3.356369e-01
9.120000e-01;1.257314e-01;-4.668152e-01;3.185505e-01
9.130000e-01;1.115511e-01;-4.460859e-01;3.039049e-01
9.140000e-01;9.377258e-02;-4.250826e-01;2.849477e-01
9.150000e-01;8.164055e-02;-4.054661e-01;2.705372e-01
9.160000e-01;6.821368e-02;-3.868123e-01;2.554875e-01
9.170000e-01;5.200384e-02;-3.658934e-01;2.405779e-01
9.180000e-01;3.713894e-02;-3.450664e-01;2.232083e-01
9.190000e-01;2.315860e-02;-3.250814e-01;2.073098e-01
9.200000e-01;1.156380e-02;-3.054924e-01;1.931928e-01
9.210000e-01;-4.510675e-03;-2.847535e-01;1.763265e-01
9.220000e-01;-1.789762e-02;-2.654668e-01;1.599712e-01
9.230000e-01;-3.199317e-02;-2.452107e-01;1.448898e-01
9.240000e-01;-4.286894e-02;-2.255311e-01;1.302267e-01
9.250000e-01;-5.297144e-02;-2.089301e-01;1.166332e-01
9.260000e-01;-6.885772e-02;-1.903190e-01;1.006490e-01
9.270000e-01;-7.935955e-02;-1.691202e-01;8.461962e-02
9.280000e-01;-9.054879e-02;-1.512075e-01;7.109332e-02
9.290000e-01;-1.030198e-01;-1.316750e-01;5.572208e-02
9.300000e-01;-1.140964e-01;-1.127778e-01;4.225319e-02
9.310000e-01;-1.259923e-01;-9.329740e-02;2.751447e-02
9.320000e-01;-1.374040e-01;-7.548245e-02;1.392994e-02
9.330000e-01;-1.469855e-01;-5.810392e-02;-4.158469e-04
9.340000e-01;-1.586500e-01;-4.009560e-02;-1.465631e-02
9.350000e-01;-1.694805e-01;-2.177438e-02;-2.854939e-02
9.360000e-01;-1.795516e-01;-4.765649e-03;-4.299976e-02
9.370000e-01;-1.894620e-01;1.273416e-02;-5.596841e-02
9.380000e-01;-1.997312e-01;3.079808e-02;-6.950820e-02
9.390000e-01;-2.098271e-01;4.834204e-02;-8.279490e-02
9.400000e-01;-2.193782e-01;6.579111e-02;-9.459029e-02
9.410000e-01;-2.289878e-01;8.430702e-02;-1.085340e-01
9.420000e-01;-2.384323e-01;1.012609e-01;-1.199933e-01
9.430000e-01;-2.469621e-01;1.176482e-01;-1.318667e-01
9.440000e-01;-2.563633e-01;1.348570e-01;-1.457163e-01
9.450000e-01;-2.658094e-01;1.509921e-01;-1.561544e-01
9.460000e-01;-2.737893e-01;1.668471e-01;-1.666568e-01
9.470000e-01;-2.814501e-01;1.827466e-01;-1.792743e-01
9.480000e-01;-2.895642e-01;1.969485e-01;-1.902151e-01
9.490000e-01;-2.972344e-01;2.115775e-01;-2.002244e-01
9.500000e-01;-3.045547e-01;2.264063e-01;-2.113146e-01
9.510000e-01;-3.083477e-01;2.340636e-01;-2.163880e-01
9.520000e-01;-3.032794e-01;2.308349e-01;-2.102886e-01
9.530000e-01;-2.896188e-01;2.164905e-01;-1.949334e-01
9.540000e-01;-2.705013e-01;1.916520e-01;-1.698092e-01
9.550000e-01;-2.468362e-01;1.589018e-01;-1.361553e-01
9.560000e-01;-2.175641e-01;1.188771e-01;-9.748758e-02
9.570000e-01;-1.835583e-01;7.182096e-02;-5.420559e-02
9.580000e-01;-1.475073e-01;1.913286e-02;-3.974973e-03
9.590000e-01;-1.100813e-01;-3.668539e-02;4.843924e-02
9.600000e-01;-7.074979e-02;-9.542282e-02;1.022023e-01
9.610000e-01;-3.080903e-02;-1.551859e-01;1.562139e-01
9.620000e-01;8.724007e-03;-2.151761e-01;2.117060e-01
9.630000e-01;4.771902e-02;-2.752848e-01;2.666810e-01
9.640000e-01;8.715466e-02;-3.356425e-01;3.221716e-01
9.650000e-01;1.262562e-01;-3.956083e-01;3.779513e-01
9.660000e-01;1.645471e-01;-4.550345e-01;4.325796e-01
9.670000e-01;2.022404e-01;-5.155337e-01;4.870574e-01
9.680000e-01;2.407871e-01;-5.764696e-01;5.407043e-01
9.690000e-01;2.792996e-01;-6.371160e-01;5.933223e-01
9.700000e-01;3.167358e-01;-6.977290e-01;6.461124e-01
9.710000e-01;3.525964e-01;-7.566968e-01;6.965048e-01
9.720000e-01;3.881489e-01;-8.154127e-01;7.439839e-01
9.730000e-01;4.229828e-01;-8.734202e-01;7.909137e-01
9.740000e-01;4.557178e-01;-9.312355e-01;8.378356e-01
9.750000e-01;4.878727e-01;-9.893993e-01;8.833041e-01
9.760000e-01;5.214557e-01;-1.047819e+00;9.277502e-01
9.770000e-01;5.552481e-01;-1.106849e+00;9.701504e-01
9.780000e-01;5.881346e-01;-1.167791e+00;1.011974e+00
9.790000e-01;6.207684e-01;-1.228847e+00;1.053965e+00
9.800000e-01;6.526699e-01;-1.291314e+00;1.095075e+00
9.810000e-01;6.838526e-01;-1.352185e+00;1.132687e+00
9.820000e-01;7.139534e-01;-1.412370e+00;1.166676e+00
9.830000e-01;7.436006e-01;-1.471867e+00;1.196735e+00
9.840000e-01;7.708775e-01;-1.530131e+00;1.225950e+00
9.850000e-01;7.968321e-01;-1.587290e+00;1.253276e+00
9.860000e-01;8.225378e-01;-1.646659e+00;1.276514e+00
9.870000e-01;8.489533e-01;-1.706295e+00;1.299844e+00
9.880000e-01;8.733662e-01;-1.766445e+00;1.321619e+00
9.890000e-01;8.983202e-01;-1.825893e+00;1.340806e+00
9.900000e-01;9.226876e-01;-1.886664e+00;1.358629e+00
9.910000e-01;9.452918e-01;-1.946353e+00;1.371600e+00
9.920000e-01;9.664510e-01;-2.002757e+00;1.381637e+00
9.930000e-01;9.847186e-01;-2.060865e+00;1.388257e+00
9.940000e-01;1.004027e+00;-2.115542e+00;1.390982e+00
9.950000e-01;1.021561e+00;-2.168294e+00;1.391678e+00
9.960000e-01;1.036956e+00;-2.221019e+00;1.389964e+00
9.970000e-01;1.051057e+00;-2.276394e+00;1.384967e+00
9.980000e-01;1.066633e+00;-2.329668e+00;1.378189e+00
9.990000e-01;1.080970e+00;-2.386867e+00;1.369549e+00
